Number,Name,WS,BPM,VORP,DARKO,CPM,Salary,Expected WS,Expected VORP,Value (WS),Value (VORP)
2,Nikola Jokic,16.4,13.3,9.8,6.5,8.7,51415938,"$66,429,742","$161,169,712","$15,013,804","$109,753,774"
1,Shai Gilgeous-Alexander,16.7,11.5,8.9,6.4,8.2,35859950,"$67,644,920","$146,368,412","$31,784,970","$110,508,462"
5,Giannis Antetokounmpo,11.5,9.5,6.6,6.3,6.9,48787676,"$46,581,831","$108,542,867","$-2,205,845","$59,755,191"
194,Zion Williamson,2.5,7.0,1.9,1.7,2.6,36725670,"$10,126,485","$31,247,189","$-26,599,185","$-5,478,481"
49,Luka Doncic,5.9,6.7,3.9,5.3,6.3,43031940,"$23,898,505","$64,138,967","$-19,133,435","$21,107,027"
122,Victor Wembanyama,3.8,6.5,3.3,5.0,6.2,12768960,"$15,392,257","$54,271,434","$2,623,297","$41,502,474"
24,Stephen Curry,7.9,6.3,4.8,3.8,4.0,55761216,"$31,999,693","$78,940,267","$-23,761,523","$23,179,051"
6,Tyrese Haliburton,10.4,5.8,4.9,2.6,4.4,42176400,"$42,126,178","$80,584,856","$-50,222","$38,408,456"
26,LeBron James,7.7,5.6,4.7,3.7,3.7,48728845,"$31,189,574","$77,295,678","$-17,539,271","$28,566,833"
38,Anthony Davis,6.7,5.4,3.2,3.4,5.0,43219440,"$27,138,980","$52,626,845","$-16,080,460","$9,407,405"
10,Jayson Tatum,9.5,5.2,4.8,5.4,5.1,34848340,"$38,480,643","$78,940,267","$3,632,303","$44,091,927"
9,Domantas Sabonis,10.1,5.2,4.4,1.3,2.5,40500000,"$40,910,999","$72,361,912","$410,999","$31,861,912"
336,Matisse Thybulle,0.9,5.0,0.6,0.4,1.8,11025000,"$3,645,535","$9,867,533","$-7,379,465","$-1,157,467"
14,Jimmy Butler,8.7,4.9,3.0,2.7,3.1,48798677,"$35,240,168","$49,337,667","$-13,558,509","$538,990"
65,Kristaps Porzingis,5.3,4.7,2.1,2.4,4.3,29268293,"$21,468,148","$34,536,367","$-7,800,145","$5,268,074"
13,Evan Mobley,9.0,4.6,3.6,3.3,4.0,11227657,"$36,455,346","$59,205,200","$25,227,689","$47,977,543"
20,Alperen Sengun,8.3,4.4,3.9,1.1,2.7,5424654,"$33,619,930","$64,138,967","$28,195,276","$58,714,313"
17,Anthony Edwards,8.4,4.3,4.6,3.7,3.9,42176400,"$34,024,990","$75,651,089","$-8,151,410","$33,474,689"
18,James Harden,8.3,4.3,4.4,3.9,3.9,33653846,"$33,619,930","$72,361,912","$-33,916","$38,708,066"
48,Ty Jerome,5.9,4.3,2.2,2.0,2.0,2560975,"$23,898,505","$36,180,956","$21,337,530","$33,619,981"
148,Jaylin Williams,3.3,4.3,1.2,-0.2,1.7,2019699,"$13,366,960","$19,735,067","$11,347,261","$17,715,368"
4,Jarrett Allen,11.6,4.2,3.6,2.8,3.6,20000000,"$46,986,890","$59,205,200","$26,986,890","$39,205,200"
23,Amen Thompson,8.0,4.1,3.4,1.8,3.3,9249960,"$32,404,752","$55,916,023","$23,154,792","$46,666,063"
121,Alex Caruso,3.9,4.0,1.6,2.1,4.0,9890000,"$15,797,317","$26,313,422","$5,907,317","$16,423,422"
28,Damian Lillard,7.6,4.0,3.2,2.3,3.1,48787676,"$30,784,514","$52,626,845","$-18,003,162","$3,839,169"
25,Jalen Williams,7.8,4.0,3.4,2.5,2.9,4775760,"$31,594,633","$55,916,023","$26,818,873","$51,140,263"
225,Moritz Wagner,2.0,4.0,0.9,0.3,0.7,11000000,"$8,101,188","$14,801,300","$-2,898,812","$3,801,300"
51,Cade Cunningham,5.9,3.9,3.7,1.3,1.6,13940809,"$23,898,505","$60,849,789","$9,957,696","$46,908,980"
50,Daniel Gafford,5.9,3.8,1.8,0.5,1.7,13394160,"$23,898,505","$29,602,600","$10,504,345","$16,208,440"
27,Donovan Mitchell,7.6,3.7,3.2,5.0,4.9,35410310,"$30,784,514","$52,626,845","$-4,625,796","$17,216,535"
80,Tari Eason,5.0,3.6,2.0,2.1,2.9,3695160,"$20,252,970","$32,891,778","$16,557,810","$29,196,618"
8,Karl-Anthony Towns,10.1,3.6,3.5,2.5,2.7,49205800,"$40,910,999","$57,560,612","$-8,294,801","$8,354,812"
279,Joel Embiid,1.4,3.5,0.8,3.4,4.5,51415938,"$5,670,832","$13,156,711","$-45,745,106","$-38,259,227"
16,Derrick White,8.5,3.5,3.6,1.8,3.5,20071429,"$34,430,049","$59,205,200","$14,358,620","$39,133,771"
15,Payton Pritchard,8.6,3.5,3.2,1.5,2.3,6696429,"$34,835,108","$52,626,845","$28,138,679","$45,930,416"
135,Paolo Banchero,3.5,3.5,2.2,0.4,1.0,12160800,"$14,177,079","$36,180,956","$2,016,279","$24,020,156"
87,Mark Williams,4.7,3.5,1.6,-0.2,0.5,4094280,"$19,037,792","$26,313,422","$14,943,512","$22,219,142"
201,Jay Huff,2.5,3.5,1.1,-0.3,0.3,2088033,"$10,126,485","$18,090,478","$8,038,452","$16,002,445"
91,Kyrie Irving,4.6,3.4,2.5,3.0,3.1,41000000,"$18,632,732","$41,114,722","$-22,367,268","$114,722"
146,Dereck Lively II,3.4,3.3,1.1,1.5,2.9,5014560,"$13,772,020","$18,090,478","$8,757,460","$13,075,918"
19,Jalen Brunson,8.3,3.3,3.1,3.3,2.8,24960001,"$33,619,930","$50,982,256","$8,659,929","$26,022,255"
36,Luke Kornet,7.0,3.3,1.8,1.5,2.7,2087519,"$28,354,158","$29,602,600","$26,266,639","$27,515,081"
285,Mitchell Robinson,1.3,3.3,0.4,2.0,2.2,14318182,"$5,265,772","$6,578,356","$-9,052,410","$-7,739,826"
37,Isaiah Hartenstein,6.8,3.2,2.1,2.4,3.2,30000000,"$27,544,039","$34,536,367","$-2,455,961","$4,536,367"
70,Kevin Durant,5.2,3.2,3.0,2.3,2.5,51179021,"$21,063,089","$49,337,667","$-30,115,932","$-1,841,354"
41,Desmond Bane,6.5,3.2,2.9,1.7,1.8,34005250,"$26,328,861","$47,693,078","$-7,676,389","$13,687,828"
226,LaMelo Ball,2.0,3.2,2.0,0.8,1.2,35147000,"$8,101,188","$32,891,778","$-27,045,812","$-2,255,222"
81,Santi Aldama,5.0,3.2,2.2,0.4,0.8,3960531,"$20,252,970","$36,180,956","$16,292,439","$32,220,425"
139,Kawhi Leonard,3.5,3.1,1.5,4.2,4.6,49205800,"$14,177,079","$24,668,834","$-35,028,721","$-24,536,966"
3,Ivica Zubac,11.7,3.1,3.4,2.9,3.8,11743210,"$47,391,950","$55,916,023","$35,648,740","$44,172,813"
59,Franz Wagner,5.6,3.1,2.6,1.9,3.0,7007092,"$22,683,326","$42,759,311","$15,676,234","$35,752,219"
21,Darius Garland,8.1,3.1,3.0,2.6,2.5,36725670,"$32,809,811","$49,337,667","$-3,915,859","$12,611,997"
12,Jalen Duren,9.2,3.1,2.7,0.6,1.2,4536840,"$37,265,465","$44,403,900","$32,728,625","$39,867,060"
32,Tyler Herro,7.4,3.1,3.5,1.2,1.2,29000000,"$29,974,396","$57,560,612","$974,396","$28,560,612"
79,Cameron Johnson,5.1,3.1,2.3,0.4,1.1,22500000,"$20,658,029","$37,825,545","$-1,841,971","$15,325,545"
284,Robert Williams,1.3,3.0,0.4,1.6,1.4,12428571,"$5,265,772","$6,578,356","$-7,162,799","$-5,850,215"
66,Josh Giddey,5.3,3.0,2.7,0.3,0.4,8352367,"$21,468,148","$44,403,900","$13,115,781","$36,051,533"
263,Paul Reed,1.6,2.9,0.5,1.2,2.1,3913234,"$6,480,950","$8,222,944","$2,567,716","$4,309,710"
11,Josh Hart,9.2,2.8,3.6,1.0,1.8,18144000,"$37,265,465","$59,205,200","$19,121,465","$41,061,200"
388,Bones Hyland,0.5,2.7,0.3,-0.5,-0.6,4158439,"$2,025,297","$4,933,767","$-2,133,142","$775,328"
33,Nikola Vucevic,7.3,2.6,2.7,-2.1,-0.2,20000000,"$29,569,336","$44,403,900","$9,569,336","$24,403,900"
52,Goga Bitadze,5.8,2.5,1.6,1.3,2.2,9057971,"$23,493,445","$26,313,422","$14,435,474","$17,255,451"
159,Chet Holmgren,3.2,2.4,1.0,3.4,3.8,10880640,"$12,961,901","$16,445,889","$2,081,261","$5,565,249"
141,Ja Morant,3.5,2.4,1.7,2.6,2.7,36725670,"$14,177,079","$27,958,011","$-22,548,591","$-8,767,659"
134,Scottie Barnes,3.5,2.4,2.3,0.8,1.4,10130980,"$14,177,079","$37,825,545","$4,046,099","$27,694,565"
43,Jaren Jackson Jr.,6.4,2.3,2.4,2.8,3.2,25257798,"$25,923,802","$39,470,134","$666,004","$14,212,336"
189,Chris Boucher,2.7,2.3,0.9,1.8,1.4,10810000,"$10,936,604","$14,801,300","$126,604","$3,991,300"
217,Sandro Mamukelashvili,2.2,2.3,0.7,1.1,0.8,2087519,"$8,911,307","$11,512,122","$6,823,788","$9,424,603"
203,Immanuel Quickley,2.5,2.2,1.0,0.4,1.6,32500000,"$10,126,485","$16,445,889","$-22,373,515","$-16,054,111"
338,Josh Minott,0.9,2.2,0.3,0.1,-0.4,2019699,"$3,645,535","$4,933,767","$1,625,836","$2,914,068"
60,Deni Avdija,5.6,2.1,2.2,0.5,1.5,15625000,"$22,683,326","$36,180,956","$7,058,326","$20,555,956"
31,Bam Adebayo,7.5,2.0,2.7,1.2,2.2,34848340,"$30,379,455","$44,403,900","$-4,468,885","$9,555,560"
61,Jakob Poeltl,5.5,2.0,1.7,2.2,2.2,19500000,"$22,278,267","$27,958,011","$2,778,267","$8,458,011"
123,Tyrese Maxey,3.8,2.0,2.0,1.3,1.3,35147000,"$15,392,257","$32,891,778","$-19,754,743","$-2,255,222"
7,Rudy Gobert,10.1,1.9,2.4,2.7,3.5,43827586,"$40,910,999","$39,470,134","$-2,916,587","$-4,357,452"
82,Keon Ellis,5.0,1.9,1.9,1.0,2.2,2120693,"$20,252,970","$31,247,189","$18,132,277","$29,126,496"
29,Austin Reaves,7.6,1.9,2.6,0.9,1.6,12976362,"$30,784,514","$42,759,311","$17,808,152","$29,782,949"
85,Scotty Pippen Jr.,4.7,1.9,1.7,0.0,1.5,2087519,"$19,037,792","$27,958,011","$16,950,273","$25,870,492"
120,Donte DiVincenzo,3.9,1.9,1.6,0.8,0.9,11445000,"$15,797,317","$26,313,422","$4,352,317","$14,868,422"
208,Jalen Johnson,2.4,1.8,1.2,1.4,1.9,4510905,"$9,721,426","$19,735,067","$5,210,521","$15,224,162"
62,Walker Kessler,5.4,1.8,1.7,1.2,1.7,2965920,"$21,873,208","$27,958,011","$18,907,288","$24,992,091"
286,Larry Nance Jr.,1.3,1.8,0.4,-0.6,0.6,11205000,"$5,265,772","$6,578,356","$-5,939,228","$-4,626,644"
155,Miles Bridges,3.2,1.8,2.0,0.0,0.1,27173913,"$12,961,901","$32,891,778","$-14,212,012","$5,717,865"
30,Pascal Siakam,7.5,1.7,2.4,2.2,2.6,42176400,"$30,379,455","$39,470,134","$-11,796,945","$-2,706,266"
124,Ausar Thompson,3.8,1.7,1.2,0.5,2.1,8376000,"$15,392,257","$19,735,067","$7,016,257","$11,359,067"
273,John Konchar,1.5,1.7,0.5,-0.5,0.4,6165000,"$6,075,891","$8,222,944","$-89,109","$2,057,944"
101,Obi Toppin,4.3,1.7,1.4,-0.5,-0.2,12975000,"$17,417,554","$23,024,245","$4,442,554","$10,049,245"
54,Naz Reid,5.7,1.6,2.0,0.8,1.5,13986432,"$23,088,386","$32,891,778","$9,101,954","$18,905,346"
289,Josh Okogie,1.3,1.5,0.6,1.8,2.0,8250000,"$5,265,772","$9,867,533","$-2,984,228","$1,617,533"
64,Norman Powell,5.3,1.5,1.8,1.4,1.5,19241379,"$21,468,148","$29,602,600","$2,226,769","$10,361,221"
83,Dyson Daniels,5.0,1.5,2.3,0.0,1.5,6059520,"$20,252,970","$37,825,545","$14,193,450","$31,766,025"
169,Tre Jones,2.9,1.5,0.8,0.5,1.1,9104167,"$11,746,723","$13,156,711","$2,642,556","$4,052,544"
177,Kyle Anderson,2.8,1.5,0.9,-1.4,-0.1,8780488,"$11,341,663","$14,801,300","$2,561,175","$6,020,812"
430,Patrick Baldwin Jr.,0.2,1.5,0.1,-0.8,-0.7,2448840,"$810,119","$1,644,589","$-1,638,721","$-804,251"
165,Gary Payton II,3.0,1.4,0.8,1.0,1.3,9130000,"$12,151,782","$13,156,711","$3,021,782","$4,026,711"
34,Onyeka Okongwu,7.2,1.3,1.7,1.6,1.8,14000000,"$29,164,277","$27,958,011","$15,164,277","$13,958,011"
77,Isaiah Joe,5.1,1.3,1.4,1.7,1.7,12991650,"$20,658,029","$23,024,245","$7,666,379","$10,032,595"
46,Julius Randle,6.2,1.3,1.8,0.4,0.6,33073920,"$25,113,683","$29,602,600","$-7,960,237","$-3,471,320"
144,Max Strus,3.4,1.3,1.1,0.2,0.5,15212068,"$13,772,020","$18,090,478","$-1,440,048","$2,878,410"
341,Branden Carlson,0.9,1.3,0.2,-1.7,-1.6,496519,"$3,645,535","$3,289,178","$3,149,016","$2,792,659"
99,Al Horford,4.4,1.2,1.3,0.7,2.0,9500000,"$17,822,614","$21,379,656","$8,322,614","$11,879,656"
108,Aaron Gordon,4.3,1.2,1.2,2.1,2.0,22841455,"$17,417,554","$19,735,067","$-5,423,901","$-3,106,388"
69,Mike Conley,5.2,1.2,1.4,0.6,1.5,9975962,"$21,063,089","$23,024,245","$11,087,127","$13,048,283"
151,T.J. McConnell,3.2,1.2,1.2,-0.1,0.4,9300000,"$12,961,901","$19,735,067","$3,661,901","$10,435,067"
394,Tony Bradley,0.4,1.2,0.1,0.3,0.3,600545,"$1,620,238","$1,644,589","$1,019,693","$1,044,044"
142,Trayce Jackson-Davis,3.4,1.2,0.8,-0.8,-0.4,1891857,"$13,772,020","$13,156,711","$11,880,163","$11,264,854"
423,Chris Duarte,0.3,1.2,0.1,,-0.6,5893768,"$1,215,178","$1,644,589","$-4,678,590","$-4,249,179"
63,Aaron Wiggins,5.4,1.1,1.4,1.4,1.3,10514017,"$21,873,208","$23,024,245","$11,359,191","$12,510,228"
224,Richaun Holmes,2.0,1.1,0.4,0.9,0.4,12648321,"$8,101,188","$6,578,356","$-4,547,133","$-6,069,965"
118,Luke Kennard,3.9,1.1,1.2,-0.5,-0.5,9250000,"$15,797,317","$19,735,067","$6,547,317","$10,485,067"
316,Craig Porter Jr.,1.1,1.1,0.4,-1.1,-1.5,1891857,"$4,455,653","$6,578,356","$2,563,796","$4,686,499"
73,Cason Wallace,5.2,1.0,1.5,-0.5,0.7,5555880,"$21,063,089","$24,668,834","$15,507,209","$19,112,954"
200,John Collins,2.5,1.0,0.9,0.3,0.7,26580000,"$10,126,485","$14,801,300","$-16,453,515","$-11,778,700"
296,Brandon Williams,1.3,1.0,0.4,-0.8,-1.3,47989,"$5,265,772","$6,578,356","$5,217,783","$6,530,367"
445,Bobi Klintman,0.2,1.0,0.0,-2.6,-1.4,1257153,"$810,119",$0,"$-447,034","$-1,257,153"
72,Fred VanVleet,5.2,0.9,1.5,2.1,2.7,42846615,"$21,063,089","$24,668,834","$-21,783,526","$-18,177,782"
187,Day'Ron Sharpe,2.7,0.9,0.7,0.9,1.3,3989122,"$10,936,604","$11,512,122","$6,947,482","$7,523,000"
170,Jalen Smith,2.9,0.9,0.7,0.3,1.0,8571429,"$11,746,723","$11,512,122","$3,175,294","$2,940,693"
115,Caris LeVert,4.0,0.9,1.2,-0.3,-0.1,16615384,"$16,202,376","$19,735,067","$-413,008","$3,119,683"
116,Andrew Wiggins,4.0,0.9,1.4,-1.1,-0.4,26276786,"$16,202,376","$23,024,245","$-10,074,410","$-3,252,541"
39,Brook Lopez,6.6,0.8,1.8,1.2,1.7,23000000,"$26,733,920","$29,602,600","$3,733,920","$6,602,600"
47,Jamal Murray,6.2,0.8,1.7,2.1,1.6,36016200,"$25,113,683","$27,958,011","$-10,902,517","$-8,058,189"
98,Brandon Clarke,4.4,0.8,0.9,1.6,1.5,12500000,"$17,822,614","$14,801,300","$5,322,614","$2,301,300"
56,Chris Paul,5.7,0.8,1.6,0.4,1.3,10460000,"$23,088,386","$26,313,422","$12,628,386","$15,853,422"
95,Sam Hauser,4.4,0.8,1.1,0.7,1.1,2092344,"$17,822,614","$18,090,478","$15,730,270","$15,998,134"
422,Isaiah Jackson,0.3,0.8,0.1,0.8,1.0,4435381,"$1,215,178","$1,644,589","$-3,220,203","$-2,790,792"
136,Nicolas Batum,3.5,0.8,1.0,-1.0,0.5,4668000,"$14,177,079","$16,445,889","$9,509,079","$11,777,889"
88,Malik Beasley,4.7,0.8,1.6,0.6,0.4,6000000,"$19,037,792","$26,313,422","$13,037,792","$20,313,422"
342,Bol Bol,0.9,0.8,0.3,0.5,0.2,2087519,"$3,645,535","$4,933,767","$1,558,016","$2,846,248"
145,Jonathan Isaac,3.4,0.7,0.7,1.5,2.4,25000000,"$13,772,020","$11,512,122","$-11,227,980","$-13,487,878"
40,OG Anunoby,6.5,0.7,1.9,2.1,2.3,36637932,"$26,328,861","$31,247,189","$-10,309,071","$-5,390,743"
110,Brandin Podziemski,4.2,0.7,1.2,0.3,2.0,3519960,"$17,012,495","$19,735,067","$13,492,535","$16,215,107"
75,Jrue Holiday,5.1,0.7,1.3,-0.1,1.6,30000000,"$20,658,029","$21,379,656","$-9,341,971","$-8,620,344"
227,Khris Middleton,2.0,0.7,0.6,0.7,0.6,31000000,"$8,101,188","$9,867,533","$-22,898,812","$-21,132,467"
74,Zach LaVine,5.1,0.7,1.8,0.6,0.2,44531940,"$20,658,029","$29,602,600","$-23,873,911","$-14,929,340"
191,Vit Krejci,2.6,0.7,0.8,-0.7,-0.6,2162606,"$10,531,544","$13,156,711","$8,368,938","$10,994,105"
113,Kris Dunn,4.0,0.6,1.2,0.9,2.1,5168000,"$16,202,376","$19,735,067","$11,034,376","$14,567,067"
130,Kenrich Williams,3.6,0.6,0.7,1.6,1.7,6669000,"$14,582,138","$11,512,122","$7,913,138","$4,843,122"
160,Thomas Bryant,3.1,0.6,0.6,-0.2,-0.1,2087519,"$12,556,841","$9,867,533","$10,469,322","$7,780,014"
105,Jonas Valanciunas,4.3,0.6,1.0,-0.6,-0.9,9900000,"$17,417,554","$16,445,889","$7,517,554","$6,545,889"
206,RJ Barrett,2.4,0.6,1.2,-1.4,-1.3,25794643,"$9,721,426","$19,735,067","$-16,073,217","$-6,059,576"
128,Draymond Green,3.7,0.5,1.3,1.9,3.3,24107143,"$14,987,198","$21,379,656","$-9,119,945","$-2,727,487"
53,Trae Young,5.7,0.5,1.7,1.6,0.9,43031940,"$23,088,386","$27,958,011","$-19,943,554","$-15,073,929"
76,Jalen Green,5.1,0.5,1.7,0.6,-0.5,12483048,"$20,658,029","$27,958,011","$8,174,981","$15,474,963"
86,Myles Turner,4.7,0.4,1.3,1.9,2.2,19928500,"$19,037,792","$21,379,656","$-890,708","$1,451,156"
313,Jalen Suggs,1.1,0.4,0.6,1.4,2.1,9188385,"$4,455,653","$9,867,533","$-4,732,732","$679,148"
44,Devin Booker,6.4,0.4,1.7,2.4,1.7,49205800,"$25,923,802","$27,958,011","$-23,281,998","$-21,247,789"
107,De'Aaron Fox,4.3,0.4,1.3,1.2,1.4,34848340,"$17,417,554","$21,379,656","$-17,430,786","$-13,468,684"
97,De'Andre Hunter,4.4,0.4,1.0,0.3,-0.1,21696429,"$17,822,614","$16,445,889","$-3,873,815","$-5,250,540"
256,Jock Landale,1.7,0.4,0.3,-0.4,-0.1,8000000,"$6,886,010","$4,933,767","$-1,113,990","$-3,066,233"
143,Quentin Grimes,3.4,0.4,1.2,-0.4,-0.2,4296682,"$13,772,020","$19,735,067","$9,475,338","$15,438,385"
399,Kevin Love,0.4,0.4,0.2,-1.4,-0.3,3850000,"$1,620,238","$3,289,178","$-2,229,762","$-560,822"
103,Nic Claxton,4.3,0.4,1.1,-0.8,-0.6,27556817,"$17,417,554","$18,090,478","$-10,139,263","$-9,466,339"
228,Jordan Poole,2.0,0.4,1.2,-1.4,-1.3,29651786,"$8,101,188","$19,735,067","$-21,550,598","$-9,916,719"
291,Jeff Green,1.3,0.4,0.2,-4.4,-3.3,8000000,"$5,265,772","$3,289,178","$-2,734,228","$-4,710,822"
104,Kevon Looney,4.3,0.3,0.7,0.7,1.8,8000000,"$17,417,554","$11,512,122","$9,417,554","$3,512,122"
166,Dean Wade,3.0,0.3,0.7,0.7,1.8,6166667,"$12,151,782","$11,512,122","$5,985,115","$5,345,455"
212,Steven Adams,2.3,0.3,0.5,1.9,1.3,12600000,"$9,316,366","$8,222,944","$-3,283,634","$-4,377,056"
147,Sam Merrill,3.3,0.3,0.8,-0.1,1.1,2164993,"$13,366,960","$13,156,711","$11,201,967","$10,991,718"
22,Christian Braun,8.0,0.3,1.6,0.2,0.8,3089640,"$32,404,752","$26,313,422","$29,315,112","$23,223,782"
197,Nikola Jovic,2.5,0.3,0.7,0.5,0.4,2464200,"$10,126,485","$11,512,122","$7,662,285","$9,047,922"
252,Alec Burks,1.8,0.3,0.5,0.2,0.1,2087519,"$7,291,069","$8,222,944","$5,203,550","$6,135,426"
306,Cam Thomas,1.2,0.3,0.5,0.0,-0.7,4041249,"$4,860,713","$8,222,944","$819,464","$4,181,696"
249,Cam Whitmore,1.8,0.3,0.5,-1.0,-1.1,3379080,"$7,291,069","$8,222,944","$3,911,989","$4,843,864"
301,Lonzo Ball,1.2,0.2,0.4,1.4,1.8,21395348,"$4,860,713","$6,578,356","$-16,534,635","$-14,816,992"
57,Luguentz Dort,5.6,0.2,1.2,0.7,1.1,16500000,"$22,683,326","$19,735,067","$6,183,326","$3,235,067"
190,Bobby Portis,2.7,0.2,0.7,0.0,0.1,12578286,"$10,936,604","$11,512,122","$-1,641,682","$-1,066,164"
171,Jake LaRavia,2.9,0.2,0.8,-1.3,-0.7,3352680,"$11,746,723","$13,156,711","$8,394,043","$9,804,031"
361,Jared McCain,0.7,0.2,0.3,-1.9,-1.7,4020360,"$2,835,416","$4,933,767","$-1,184,944","$913,407"
68,Tobias Harris,5.2,0.1,1.2,1.4,1.6,25365854,"$21,063,089","$19,735,067","$-4,302,765","$-5,630,787"
175,Royce O'Neale,2.8,0.1,1.0,-0.2,0.4,9375000,"$11,341,663","$16,445,889","$1,966,663","$7,070,889"
230,Cole Anthony,2.0,0.1,0.7,-0.6,-0.3,12900000,"$8,101,188","$11,512,122","$-4,798,812","$-1,387,878"
397,Moses Brown,0.4,0.1,0.1,,-0.8,426632,"$1,620,238","$1,644,589","$1,193,606","$1,217,957"
94,Tyus Jones,4.4,0.1,1.1,-1.1,-1.1,2087519,"$17,822,614","$18,090,478","$15,735,095","$16,002,959"
254,Quinten Post,1.7,0.1,0.4,-1.5,-1.2,438920,"$6,886,010","$6,578,356","$6,447,090","$6,139,436"
45,Jaden McDaniels,6.3,0.0,1.4,0.9,1.3,23017242,"$25,518,742","$23,024,245","$2,501,500","$7,003"
71,Jaylen Brown,5.2,0.0,1.1,1.8,0.9,49205800,"$21,063,089","$18,090,478","$-28,142,711","$-31,115,322"
260,Dwight Powell,1.7,0.0,0.3,1.3,0.9,4000000,"$6,886,010","$4,933,767","$2,886,010","$933,767"
154,Miles McBride,3.2,0.0,0.8,-0.3,0.8,4710144,"$12,961,901","$13,156,711","$8,251,757","$8,446,567"
183,Zach Collins,2.7,0.0,0.5,-0.5,0.3,16741200,"$10,936,604","$8,222,944","$-5,804,596","$-8,518,256"
58,Harrison Barnes,5.6,0.0,1.2,-0.7,-0.7,18000000,"$22,683,326","$19,735,067","$4,683,326","$1,735,067"
412,Brandon Miller,0.4,0.0,0.4,-1.8,-0.9,11424600,"$1,620,238","$6,578,356","$-9,804,362","$-4,846,244"
304,Jaden Ivey,1.2,0.0,0.5,-1.0,-1.6,7977240,"$4,860,713","$8,222,944","$-3,116,527","$245,704"
67,Toumani Camara,5.2,-0.1,1.2,0.6,1.5,1891857,"$21,063,089","$19,735,067","$19,171,232","$17,843,210"
42,Michael Porter Jr.,6.4,-0.1,1.2,1.7,0.9,35859950,"$25,923,802","$19,735,067","$-9,936,148","$-16,124,883"
35,DeMar DeRozan,7.1,-0.1,1.3,0.7,0.7,23400000,"$28,759,217","$21,379,656","$5,359,217","$-2,020,344"
84,Zach Edey,4.9,-0.1,0.7,-0.8,0.6,5756880,"$19,847,911","$11,512,122","$14,091,031","$5,755,242"
112,Kel'el Ware,4.1,-0.1,0.7,-0.8,-0.1,4231800,"$16,607,435","$11,512,122","$12,375,635","$7,280,322"
111,Anfernee Simons,4.2,-0.1,1.1,-1.0,-1.1,25892857,"$17,012,495","$18,090,478","$-8,880,362","$-7,802,379"
400,Keshad Johnson,0.4,-0.1,0.0,-1.8,-2.0,724883,"$1,620,238",$0,"$895,355","$-724,883"
215,Cameron Payne,2.3,-0.2,0.5,0.3,0.6,2087519,"$9,316,366","$8,222,944","$7,228,847","$6,135,426"
380,Chuma Okeke,0.6,-0.2,0.1,-0.5,-0.9,355687,"$2,430,356","$1,644,589","$2,074,669","$1,288,902"
267,Jaylen Clark,1.6,-0.2,0.2,-2.1,-1.7,492323,"$6,480,950","$3,289,178","$5,988,627","$2,796,855"
218,Lauri Markkanen,2.2,-0.3,0.7,0.9,1.0,42176400,"$8,911,307","$11,512,122","$-33,265,093","$-30,664,278"
89,Derrick Jones Jr.,4.7,-0.3,0.8,0.8,0.8,9523810,"$19,037,792","$13,156,711","$9,513,982","$3,632,901"
114,Donovan Clingan,4.0,-0.3,0.6,-1.0,0.8,6836400,"$16,202,376","$9,867,533","$9,365,976","$3,031,133"
127,Jaxson Hayes,3.7,-0.3,0.5,-0.2,0.7,2463946,"$14,987,198","$8,222,944","$12,523,252","$5,758,998"
204,Grayson Allen,2.5,-0.3,0.7,0.7,0.2,15625000,"$10,126,485","$11,512,122","$-5,498,515","$-4,112,878"
330,Duop Reath,1.0,-0.3,0.2,-0.7,-1.0,2048780,"$4,050,594","$3,289,178","$2,001,814","$1,240,398"
322,Paul George,1.0,-0.4,0.5,2.4,2.3,49205800,"$4,050,594","$8,222,944","$-45,155,206","$-40,982,856"
239,D'Angelo Russell,1.9,-0.4,0.6,0.6,1.0,18692307,"$7,696,129","$9,867,533","$-10,996,178","$-8,824,774"
102,Nickeil Alexander-Walker,4.3,-0.4,0.8,0.3,0.6,4312500,"$17,417,554","$13,156,711","$13,105,054","$8,844,211"
55,Mikal Bridges,5.7,-0.5,1.2,-0.1,0.5,23300000,"$23,088,386","$19,735,067","$-211,614","$-3,564,933"
202,Isaac Okoro,2.5,-0.5,0.4,0.6,0.4,10185186,"$10,126,485","$6,578,356","$-58,701","$-3,606,830"
253,Ryan Rollins,1.7,-0.5,0.3,0.1,0.4,1091887,"$6,886,010","$4,933,767","$5,794,123","$3,841,880"
174,Aaron Nesmith,2.9,-0.5,0.4,0.4,0.2,11000000,"$11,746,723","$6,578,356","$746,723","$-4,421,644"
178,Justin Champagnie,2.8,-0.5,0.5,0.0,-0.2,1800000,"$11,341,663","$8,222,944","$9,541,663","$6,422,944"
251,Ben Simmons,1.8,-0.5,0.4,-0.7,-0.6,40011909,"$7,291,069","$6,578,356","$-32,720,840","$-33,433,553"
376,Jared Rhoden,0.6,-0.5,0.1,-1.6,-1.7,119972,"$2,430,356","$1,644,589","$2,310,384","$1,524,617"
300,Mouhamed Gueye,1.2,-0.6,0.2,-0.6,0.5,1891857,"$4,860,713","$3,289,178","$2,968,856","$1,397,321"
126,Mason Plumlee,3.7,-0.6,0.5,0.2,0.1,2087519,"$14,987,198","$8,222,944","$12,899,679","$6,135,426"
219,Kevin Porter Jr.,2.2,-0.6,0.5,-0.3,-0.2,3366937,"$8,911,307","$8,222,944","$5,544,370","$4,856,008"
237,Jonathan Kuminga,1.9,-0.6,0.4,0.0,-0.2,7636307,"$7,696,129","$6,578,356","$59,822","$-1,057,951"
420,Killian Hayes,0.3,-0.6,0.1,,-0.7,119972,"$1,215,178","$1,644,589","$1,095,206","$1,524,617"
245,Marcus Sasser,1.8,-0.6,0.3,-1.5,-0.9,2755080,"$7,291,069","$4,933,767","$4,535,989","$2,178,687"
209,Collin Sexton,2.4,-0.6,0.6,0.3,-1.2,18350000,"$9,721,426","$9,867,533","$-8,628,574","$-8,482,467"
255,Kelly Olynyk,1.7,-0.7,0.3,0.7,0.5,12804878,"$6,886,010","$4,933,767","$-5,918,868","$-7,871,111"
270,Jae'Sean Tate,1.6,-0.7,0.2,-0.3,0.5,7565217,"$6,480,950","$3,289,178","$-1,084,267","$-4,276,039"
100,Rui Hachimura,4.3,-0.7,0.6,-0.3,-0.1,17000000,"$17,417,554","$9,867,533","$417,554","$-7,132,467"
192,Trey Lyles,2.6,-0.7,0.4,-0.6,-0.2,8000000,"$10,531,544","$6,578,356","$2,531,544","$-1,421,644"
152,Neemias Queta,3.2,-0.7,0.3,-0.9,-0.3,2162606,"$12,961,901","$4,933,767","$10,799,295","$2,771,161"
109,Jabari Smith Jr.,4.2,-0.7,0.6,-0.6,-0.6,9770880,"$17,012,495","$9,867,533","$7,241,615","$96,653"
179,Deandre Ayton,2.8,-0.7,0.4,-1.0,-0.8,34005126,"$11,341,663","$6,578,356","$-22,663,463","$-27,426,770"
261,Drew Eubanks,1.7,-0.7,0.3,-1.4,-0.8,5000000,"$6,886,010","$4,933,767","$1,886,010","$-66,233"
424,Bruno Fernando,0.3,-0.7,0.1,,-0.8,1115128,"$1,215,178","$1,644,589","$100,050","$529,461"
161,Ochai Agbaji,3.1,-0.7,0.5,-1.9,-1.5,4310280,"$12,556,841","$8,222,944","$8,246,561","$3,912,664"
442,De'Anthony Melton,0.2,-0.8,0.0,0.3,0.6,12822000,"$810,119",$0,"$-12,011,881","$-12,822,000"
137,Naji Marshall,3.5,-0.8,0.6,-0.6,-0.2,8571429,"$14,177,079","$9,867,533","$5,605,650","$1,296,104"
176,Malik Monk,2.8,-0.8,0.6,-0.1,-0.4,17405203,"$11,341,663","$9,867,533","$-6,063,540","$-7,537,670"
328,Jordan Goodwin,1.0,-0.8,0.2,-0.8,-0.4,223718,"$4,050,594","$3,289,178","$3,826,876","$3,065,460"
229,Jabari Walker,2.0,-0.8,0.2,-1.0,-1.0,2019699,"$8,101,188","$3,289,178","$6,081,489","$1,269,479"
275,Cory Joseph,1.5,-0.8,0.2,-2.1,-1.3,3303771,"$6,075,891","$3,289,178","$2,772,120","$-14,593"
349,Dalano Banton,0.8,-0.8,0.3,-1.0,-1.4,2196970,"$3,240,475","$4,933,767","$1,043,505","$2,736,797"
207,P.J. Washington,2.4,-0.9,0.5,0.8,0.4,15500000,"$9,721,426","$8,222,944","$-5,778,574","$-7,277,056"
138,Moses Moody,3.5,-0.9,0.5,0.6,0.3,5803269,"$14,177,079","$8,222,944","$8,373,810","$2,419,676"
324,Mo Bamba,1.0,-0.9,0.1,,-0.2,2207491,"$4,050,594","$1,644,589","$1,843,103","$-562,902"
93,Coby White,4.5,-0.9,0.7,-0.6,-0.6,12000000,"$18,227,673","$11,512,122","$6,227,673","$-487,878"
334,Ousmane Dieng,0.9,-0.9,0.1,-1.1,-1.2,5027040,"$3,645,535","$1,644,589","$-1,381,505","$-3,382,451"
214,Jaime Jaquez Jr.,2.3,-0.9,0.4,-1.8,-1.3,3685800,"$9,316,366","$6,578,356","$5,630,566","$2,892,556"
269,Jarace Walker,1.6,-0.9,0.3,-1.8,-1.6,6362520,"$6,480,950","$4,933,767","$118,430","$-1,428,753"
343,Torrey Craig,0.8,-0.9,0.1,-2.0,-1.7,3625162,"$3,240,475","$1,644,589","$-384,687","$-1,980,573"
428,Tyler Smith,0.2,-0.9,0.0,-3.0,-3.2,1157153,"$810,119",$0,"$-347,034","$-1,157,153"
173,Dorian Finney-Smith,2.9,-1.0,0.5,0.8,0.9,14924167,"$11,746,723","$8,222,944","$-3,177,444","$-6,701,222"
158,Clint Capela,3.2,-1.0,0.3,0.5,0.6,22265280,"$12,961,901","$4,933,767","$-9,303,379","$-17,331,513"
280,Jarred Vanderbilt,1.4,-1.0,0.2,0.8,0.3,10714286,"$5,670,832","$3,289,178","$-5,043,454","$-7,425,108"
281,Jared Butler,1.4,-1.0,0.3,0.0,-0.3,745726,"$5,670,832","$4,933,767","$4,925,106","$4,188,041"
180,Buddy Hield,2.8,-1.0,0.5,-0.3,-0.8,8780488,"$11,341,663","$8,222,944","$2,561,175","$-557,544"
119,Guerschon Yabusele,3.9,-1.0,0.5,-0.8,-1.0,2087519,"$15,797,317","$8,222,944","$13,709,798","$6,135,426"
246,Klay Thompson,1.8,-1.0,0.5,-0.5,-1.1,15873016,"$7,291,069","$8,222,944","$-8,581,947","$-7,650,072"
198,Kyle Filipowski,2.5,-1.0,0.4,-1.0,-1.2,3000000,"$10,126,485","$6,578,356","$7,126,485","$3,578,356"
318,Charles Bassey,1.1,-1.1,0.1,-0.7,-0.8,2087519,"$4,455,653","$1,644,589","$2,368,134","$-442,930"
210,Bradley Beal,2.4,-1.1,0.4,-1.0,-1.2,50203930,"$9,721,426","$6,578,356","$-40,482,504","$-43,625,574"
220,Devin Vassell,2.2,-1.1,0.4,-1.5,-1.3,29347826,"$8,911,307","$6,578,356","$-20,436,519","$-22,769,470"
232,Russell Westbrook,1.9,-1.1,0.5,-1.0,-1.3,5631296,"$7,696,129","$8,222,944","$2,064,833","$2,591,648"
90,Wendell Carter Jr.,4.6,-1.2,0.3,-0.1,0.8,11950000,"$18,632,732","$4,933,767","$6,682,732","$-7,016,233"
374,Marvin Bagley III,0.6,-1.2,0.1,-0.3,-0.1,12500000,"$2,430,356","$1,644,589","$-10,069,644","$-10,855,411"
185,Jeremy Sochan,2.7,-1.2,0.3,-1.3,-1.0,5570040,"$10,936,604","$4,933,767","$5,366,564","$-636,273"
248,DeAndre Jordan,1.8,-1.2,0.2,-2.6,-1.5,2087519,"$7,291,069","$3,289,178","$5,203,550","$1,201,659"
307,Brice Sensabaugh,1.2,-1.2,0.3,-1.6,-2.6,2571480,"$4,860,713","$4,933,767","$2,289,233","$2,362,287"
271,Jusuf Nurkic,1.5,-1.3,0.2,1.7,1.9,18125000,"$6,075,891","$3,289,178","$-12,049,109","$-14,835,822"
199,Julian Champagnie,2.5,-1.3,0.4,0.1,-0.7,3000000,"$10,126,485","$6,578,356","$7,126,485","$3,578,356"
327,Kyle Lowry,1.0,-1.3,0.1,-2.1,-0.7,2087519,"$4,050,594","$1,644,589","$1,963,075","$-442,930"
436,Kevin Knox,0.2,-1.3,0.0,,-0.8,503883,"$810,119",$0,"$306,236","$-503,883"
297,Zeke Nnaji,1.2,-1.3,0.1,-2.0,-1.1,8888889,"$4,860,713","$1,644,589","$-4,028,176","$-7,244,300"
163,Shaedon Sharpe,3.0,-1.3,0.4,-1.3,-1.7,6614160,"$12,151,782","$6,578,356","$5,537,622","$-35,804"
162,Terance Mann,3.0,-1.3,0.2,-1.8,-2.0,11423077,"$12,151,782","$3,289,178","$728,705","$-8,133,899"
365,Delon Wright,0.7,-1.4,0.1,0.3,0.9,2087519,"$2,835,416","$1,644,589","$747,897","$-442,930"
92,Kentavious Caldwell-Pope,4.6,-1.4,0.3,1.4,0.8,22757000,"$18,632,732","$4,933,767","$-4,124,268","$-17,823,233"
303,Jose Alvarado,1.2,-1.4,0.2,0.6,0.7,1988598,"$4,860,713","$3,289,178","$2,872,115","$1,300,580"
78,Dillon Brooks,5.1,-1.4,0.4,-0.2,0.1,22255493,"$20,658,029","$6,578,356","$-1,597,464","$-15,677,137"
276,CJ McCollum,1.5,-1.4,0.3,0.0,-0.7,33333333,"$6,075,891","$4,933,767","$-27,257,442","$-28,399,566"
357,Marcus Smart,0.7,-1.5,0.1,0.0,0.4,20210284,"$2,835,416","$1,644,589","$-17,374,868","$-18,565,695"
358,Malcolm Brogdon,0.7,-1.5,0.1,-1.8,-1.1,22500000,"$2,835,416","$1,644,589","$-19,664,584","$-20,855,411"
314,Jalen Pickett,1.1,-1.5,0.1,-1.9,-1.2,1891857,"$4,455,653","$1,644,589","$2,563,796","$-247,268"
405,Jordan Clarkson,0.4,-1.5,0.1,-1.9,-2.2,14092577,"$1,620,238","$1,644,589","$-12,472,339","$-12,447,988"
387,David Roddy,0.5,-1.5,0.1,-2.0,-2.4,2967212,"$2,025,297","$1,644,589","$-941,915","$-1,322,623"
375,Jordan McLaughlin,0.6,-1.6,0.0,0.8,1.0,2087519,"$2,430,356",$0,"$342,837","$-2,087,519"
96,Keegan Murray,4.4,-1.6,0.2,0.0,0.2,8809560,"$17,822,614","$3,289,178","$9,013,054","$-5,520,382"
363,Grant Williams,0.7,-1.6,0.1,-0.2,-0.8,13025250,"$2,835,416","$1,644,589","$-10,189,834","$-11,380,661"
441,Dejounte Murray,0.2,-1.6,0.1,-1.2,-0.8,29517135,"$810,119","$1,644,589","$-28,707,016","$-27,872,546"
274,Garrison Mathews,1.5,-1.6,0.1,-0.4,-1.0,2230253,"$6,075,891","$1,644,589","$3,845,638","$-585,664"
125,Spencer Dinwiddie,3.7,-1.6,0.2,-1.3,-1.2,2087519,"$14,987,198","$3,289,178","$12,899,679","$1,201,659"
150,Gary Trent Jr.,3.3,-1.6,0.2,-0.7,-1.4,2087519,"$13,366,960","$3,289,178","$11,279,441","$1,201,659"
247,Jerami Grant,1.8,-1.6,0.1,-1.8,-1.4,29793104,"$7,291,069","$1,644,589","$-22,502,035","$-28,148,515"
277,Ajay Mitchell,1.5,-1.6,0.1,-2.2,-1.5,3000000,"$6,075,891","$1,644,589","$3,075,891","$-1,355,411"
205,Ayo Dosunmu,2.5,-1.6,0.1,-1.4,-1.6,7000000,"$10,126,485","$1,644,589","$3,126,485","$-5,355,411"
339,Eric Gordon,0.9,-1.6,0.1,-1.7,-1.8,3303771,"$3,645,535","$1,644,589","$341,764","$-1,659,182"
156,Keldon Johnson,3.2,-1.6,0.2,-2.0,-2.3,19000000,"$12,961,901","$3,289,178","$-6,038,099","$-15,710,822"
415,Pat Spencer,0.3,-1.6,0.0,-2.3,-2.4,438810,"$1,215,178",$0,"$776,368","$-438,810"
295,Cody Martin,1.3,-1.7,0.1,-0.5,-0.3,8120000,"$5,265,772","$1,644,589","$-2,854,228","$-6,475,411"
259,Gui Santos,1.7,-1.7,0.1,-0.8,-0.4,1891857,"$6,886,010","$1,644,589","$4,994,153","$-247,268"
186,Duncan Robinson,2.7,-1.7,0.1,-0.3,-0.7,19406000,"$10,936,604","$1,644,589","$-8,469,396","$-17,761,411"
369,Baylor Scheierman,0.7,-1.7,0.0,0.0,-1.1,2494320,"$2,835,416",$0,"$341,096","$-2,494,320"
133,Taurean Prince,3.5,-1.7,0.1,-0.8,-1.7,2087519,"$14,177,079","$1,644,589","$12,089,560","$-442,930"
242,Seth Curry,1.8,-1.7,0.1,-1.5,-1.8,2087519,"$7,291,069","$1,644,589","$5,203,550","$-442,930"
344,Reed Sheppard,0.8,-1.7,0.1,-2.1,-2.1,10098960,"$3,240,475","$1,644,589","$-6,858,485","$-8,454,371"
117,Amir Coffey,4.0,-1.7,0.1,-2.4,-2.7,3938271,"$16,202,376","$1,644,589","$12,264,105","$-2,293,682"
362,Isaac Jones,0.7,-1.7,0.0,-2.3,-2.8,152957,"$2,835,416",$0,"$2,682,459","$-152,957"
345,Monte Morris,0.8,-1.8,0.0,0.0,-0.3,2087519,"$3,240,475",$0,"$1,152,956","$-2,087,519"
196,Peyton Watson,2.5,-1.8,0.1,-1.8,-1.3,2413560,"$10,126,485","$1,644,589","$7,712,925","$-768,971"
188,Dalton Knecht,2.7,-1.8,0.1,-1.6,-2.3,3819120,"$10,936,604","$1,644,589","$7,117,484","$-2,174,531"
149,Haywood Highsmith,3.3,-1.9,0.1,-0.4,-0.2,5200000,"$13,366,960","$1,644,589","$8,166,960","$-3,555,411"
153,Moussa Diabate,3.2,-1.9,0.0,0.4,-0.4,957763,"$12,961,901",$0,"$12,004,138","$-957,763"
211,Anthony Black,2.4,-1.9,0.0,-1.7,-1.1,7607760,"$9,721,426",$0,"$2,113,666","$-7,607,760"
236,Jonathan Mogbo,1.9,-1.9,0.0,-1.8,-1.5,1862265,"$7,696,129",$0,"$5,833,864","$-1,862,265"
213,Precious Achiuwa,2.3,-1.9,0.0,-1.6,-1.7,6000000,"$9,316,366",$0,"$3,316,366","$-6,000,000"
234,Kevin Huerter,1.9,-2.0,0.0,0.1,0.3,16830357,"$7,696,129",$0,"$-9,134,228","$-16,830,357"
240,Bogdan Bogdanovic,1.9,-2.0,0.0,0.8,0.2,17260000,"$7,696,129",$0,"$-9,563,871","$-17,260,000"
223,Ben Sheppard,2.1,-2.0,0.0,-1.4,-1.6,2663880,"$8,506,247",$0,"$5,842,367","$-2,663,880"
265,Karlo Matkovic,1.6,-2.0,0.0,-2.1,-1.7,1407153,"$6,480,950",$0,"$5,073,797","$-1,407,153"
132,Tim Hardaway Jr.,3.5,-2.1,0.0,-1.3,-1.7,16193183,"$14,177,079",$0,"$-2,016,104","$-16,193,183"
335,Olivier-Maxence Prosper,0.9,-2.1,0.0,-2.2,-1.8,2870400,"$3,645,535",$0,"$775,135","$-2,870,400"
372,Terrence Shannon Jr.,0.6,-2.1,0.0,-1.8,-2.3,2546640,"$2,430,356",$0,"$-116,284","$-2,546,640"
182,A.J. Green,2.8,-2.2,-0.1,-1.5,-0.6,2120693,"$11,341,663","$-1,644,589","$9,220,970","$-3,765,282"
157,Dennis Schroder,3.2,-2.2,-0.1,-1.6,-1.0,13025250,"$12,961,901","$-1,644,589","$-63,349","$-14,669,839"
140,Jaylen Wells,3.5,-2.2,-0.1,-2.3,-1.4,1157153,"$14,177,079","$-1,644,589","$13,019,926","$-2,801,742"
331,Dominick Barlow,1.0,-2.2,0.0,-2.1,-1.6,491887,"$4,050,594",$0,"$3,558,707","$-491,887"
250,Caleb Houstan,1.8,-2.2,0.0,-1.6,-1.9,2019699,"$7,291,069",$0,"$5,271,370","$-2,019,699"
283,Shake Milton,1.3,-2.2,0.0,-2.1,-1.9,2875000,"$5,265,772",$0,"$2,390,772","$-2,875,000"
243,Scoot Henderson,1.8,-2.2,-0.1,-1.4,-2.4,10259160,"$7,291,069","$-1,644,589","$-2,968,091","$-11,903,749"
181,Andrew Nembhard,2.8,-2.3,-0.1,-0.5,-0.2,2019699,"$11,341,663","$-1,644,589","$9,321,964","$-3,664,288"
268,Javonte Green,1.6,-2.3,-0.1,0.2,-0.3,2328350,"$6,480,950","$-1,644,589","$4,152,600","$-3,972,939"
377,Dante Exum,0.6,-2.3,0.0,-0.4,-0.6,3150000,"$2,430,356",$0,"$-719,644","$-3,150,000"
359,Luka Garza,0.7,-2.3,0.0,-0.7,-1.2,2162606,"$2,835,416",$0,"$672,810","$-2,162,606"
193,Kelly Oubre Jr.,2.6,-2.3,-0.1,-0.7,-1.3,7983000,"$10,531,544","$-1,644,589","$2,548,544","$-9,627,589"
221,Ziaire Williams,2.1,-2.3,-0.1,-0.7,-1.3,6133005,"$8,506,247","$-1,644,589","$2,373,242","$-7,777,594"
298,Pat Connaughton,1.2,-2.3,0.0,-1.3,-1.7,9423869,"$4,860,713",$0,"$-4,563,156","$-9,423,869"
172,Georges Niang,2.9,-2.3,-0.1,-0.8,-1.8,8500000,"$11,746,723","$-1,644,589","$3,246,723","$-10,144,589"
266,Johnny Juzang,1.6,-2.3,-0.1,-2.0,-2.4,3087519,"$6,480,950","$-1,644,589","$3,393,431","$-4,732,108"
258,Jamison Battle,1.7,-2.3,-0.1,-2.5,-2.8,1000000,"$6,886,010","$-1,644,589","$5,886,010","$-2,644,589"
310,Talen Horton-Tucker,1.1,-2.4,-0.1,-0.9,-1.0,2087519,"$4,455,653","$-1,644,589","$2,368,134","$-3,732,108"
326,Landry Shamet,1.0,-2.4,-0.1,-1.2,-1.4,1343690,"$4,050,594","$-1,644,589","$2,706,904","$-2,988,279"
447,Tre Mann,0.1,-2.4,0.0,-1.5,-1.6,4908373,"$405,059",$0,"$-4,503,314","$-4,908,373"
418,Lonnie Walker IV,0.3,-2.4,0.0,-2.0,-2.1,780932,"$1,215,178",$0,"$434,246","$-780,932"
352,A.J. Lawson,0.8,-2.5,-0.1,,-0.9,100000,"$3,240,475","$-1,644,589","$3,140,475","$-1,744,589"
233,Matas Buzelis,1.9,-2.5,-0.2,-1.7,-1.2,5195520,"$7,696,129","$-3,289,178","$2,500,609","$-8,484,698"
385,Johnny Furphy,0.5,-2.5,0.0,-0.6,-1.7,1850842,"$2,025,297",$0,"$174,455","$-1,850,842"
184,Max Christie,2.7,-2.5,-0.3,-1.7,-2.0,7142857,"$10,936,604","$-4,933,767","$3,793,747","$-12,076,624"
257,Jeremiah Robinson-Earl,1.7,-2.5,-0.2,-0.5,-2.0,2196970,"$6,886,010","$-3,289,178","$4,689,040","$-5,486,148"
167,Davion Mitchell,3.0,-2.6,-0.3,-1.1,-0.6,6451077,"$12,151,782","$-4,933,767","$5,700,705","$-11,384,844"
264,Oso Ighodaro,1.6,-2.6,-0.2,-1.4,-0.9,1157153,"$6,480,950","$-3,289,178","$5,323,797","$-4,446,331"
370,Alex Len,0.7,-2.6,-0.1,-2.0,-1.5,2831348,"$2,835,416","$-1,644,589","$4,068","$-4,475,937"
333,Tyrese Martin,0.9,-2.6,-0.2,-1.4,-2.1,635853,"$3,645,535","$-3,289,178","$3,009,682","$-3,925,031"
195,Tristan da Silva,2.5,-2.6,-0.3,-1.8,-2.2,3628440,"$10,126,485","$-4,933,767","$6,498,045","$-8,562,207"
329,Gary Harris,1.0,-2.7,-0.1,-0.1,-0.8,7500000,"$4,050,594","$-1,644,589","$-3,449,406","$-9,144,589"
386,Jaden Springer,0.5,-2.7,-0.1,-0.9,-0.9,4772772,"$2,025,297","$-1,644,589","$-2,747,475","$-6,417,361"
216,Adem Bona,2.3,-2.7,-0.2,-1.3,-1.2,1157153,"$9,316,366","$-3,289,178","$8,159,213","$-4,446,331"
367,Cam Reddish,0.7,-2.7,-0.1,-1.2,-1.9,2463946,"$2,835,416","$-1,644,589","$371,470","$-4,108,535"
346,Jaylon Tyson,0.8,-2.7,-0.1,-2.2,-2.3,3326160,"$3,240,475","$-1,644,589","$-85,685","$-4,970,749"
353,Wendell Moore Jr.,0.7,-2.7,-0.1,-1.6,-2.5,2537040,"$2,835,416","$-1,644,589","$298,376","$-4,181,629"
312,Keyonte George,1.1,-2.7,-0.3,-2.7,-3.6,4084200,"$4,455,653","$-4,933,767","$371,453","$-9,017,967"
391,Vince Williams Jr.,0.4,-2.8,-0.1,-1.4,-1.2,2120693,"$1,620,238","$-1,644,589","$-500,455","$-3,765,282"
462,Johnny Davis,0.1,-2.8,0.0,,-1.2,5291160,"$405,059",$0,"$-4,886,101","$-5,291,160"
325,Lindy Waters III,1.0,-2.8,-0.2,-1.4,-1.6,2196970,"$4,050,594","$-3,289,178","$1,853,624","$-5,486,148"
379,Colby Jones,0.6,-2.8,-0.1,-1.0,-1.6,2120693,"$2,430,356","$-1,644,589","$309,663","$-3,765,282"
392,Tyler Kolek,0.4,-2.8,-0.1,-1.8,-2.0,2087519,"$1,620,238","$-1,644,589","$-467,281","$-3,732,108"
404,Jordan Miller,0.4,-2.8,-0.1,-2.0,-2.7,1050000,"$1,620,238","$-1,644,589","$570,238","$-2,694,589"
262,Simone Fontecchio,1.6,-2.9,-0.3,-1.7,-1.9,7692308,"$6,480,950","$-4,933,767","$-1,211,358","$-12,626,075"
168,Bennedict Mathurin,3.0,-2.9,-0.5,-2.1,-2.1,7245720,"$12,151,782","$-8,222,944","$4,906,062","$-15,468,664"
360,Kris Murray,0.7,-3.0,-0.3,-0.8,-0.9,2990040,"$2,835,416","$-4,933,767","$-154,624","$-7,923,807"
235,Julian Phillips,1.9,-3.0,-0.3,-1.1,-1.1,1891857,"$7,696,129","$-4,933,767","$5,804,272","$-6,825,624"
244,Ron Holland,1.8,-3.0,-0.3,-0.9,-1.3,8245320,"$7,291,069","$-4,933,767","$-954,251","$-13,179,087"
290,Jericho Sims,1.3,-3.0,-0.2,-1.8,-1.6,2092344,"$5,265,772","$-3,289,178","$3,173,428","$-5,381,522"
305,Ja'Kobe Walter,1.2,-3.0,-0.3,-1.8,-1.8,3465000,"$4,860,713","$-4,933,767","$1,395,713","$-8,398,767"
129,Yves Missi,3.6,-3.0,-0.5,-2.4,-1.9,3193200,"$14,582,138","$-8,222,944","$11,388,938","$-11,416,144"
356,Trendon Watford,0.7,-3.1,-0.3,-1.2,-1.4,2726603,"$2,835,416","$-4,933,767","$108,813","$-7,660,370"
278,Pelle Larsson,1.4,-3.1,-0.2,-1.8,-1.5,1157153,"$5,670,832","$-3,289,178","$4,513,679","$-4,446,331"
309,Andre Drummond,1.2,-3.2,-0.2,-0.9,-1.1,5000000,"$4,860,713","$-3,289,178","$-139,287","$-8,289,178"
411,Devin Carter,0.4,-3.2,-0.1,-0.9,-1.1,4689000,"$1,620,238","$-1,644,589","$-3,068,762","$-6,333,589"
381,Caleb Martin,0.6,-3.2,-0.4,-1.8,-1.8,9186594,"$2,430,356","$-6,578,356","$-6,756,238","$-15,764,950"
311,Stephon Castle,1.1,-3.2,-0.6,-1.7,-1.9,9105120,"$4,455,653","$-9,867,533","$-4,649,467","$-18,972,653"
453,Patty Mills,0.1,-3.2,-0.1,-2.4,-2.2,2087519,"$405,059","$-1,644,589","$-1,682,460","$-3,732,108"
282,Gradey Dick,1.4,-3.2,-0.5,-2.4,-2.8,4763760,"$5,670,832","$-8,222,944","$907,072","$-12,986,704"
413,Antonio Reeves,0.4,-3.2,-0.2,-1.7,-2.9,1157153,"$1,620,238","$-3,289,178","$463,085","$-4,446,331"
410,Doug McDermott,0.4,-3.2,-0.1,-2.3,-3.1,2087519,"$1,620,238","$-1,644,589","$-467,281","$-3,732,108"
459,Malaki Branham,0.1,-3.2,-0.1,-3.5,-3.8,3217920,"$405,059","$-1,644,589","$-2,812,861","$-4,862,509"
332,Daniel Theis,1.0,-3.3,-0.2,,-1.0,2087519,"$4,050,594","$-3,289,178","$1,963,075","$-5,376,697"
510,Alex Sarr,-0.3,-3.3,-0.6,-2.6,-1.9,11245680,"$-1,215,178","$-9,867,533","$-12,460,858","$-21,113,213"
164,Nick Richards,3.0,-3.3,-0.4,-1.7,-2.1,5000000,"$12,151,782","$-6,578,356","$7,151,782","$-11,578,356"
384,Keon Johnson,0.5,-3.3,-0.6,-1.6,-2.8,2162606,"$2,025,297","$-9,867,533","$-137,309","$-12,030,139"
299,Orlando Robinson,1.2,-3.4,-0.3,-2.9,-2.1,1691610,"$4,860,713","$-4,933,767","$3,169,103","$-6,625,377"
308,Andre Jackson Jr.,1.2,-3.4,-0.3,-2.9,-2.9,1891857,"$4,860,713","$-4,933,767","$2,968,856","$-6,825,624"
479,Svi Mykhailiuk,-0.1,-3.5,-0.3,-0.9,-1.4,3500000,"$-405,059","$-4,933,767","$-3,905,059","$-8,433,767"
241,Zaccharie Risacher,1.8,-3.5,-0.7,-2.5,-2.8,12569040,"$7,291,069","$-11,512,122","$-5,277,971","$-24,081,162"
408,Herbert Jones,0.4,-3.6,-0.3,1.4,1.9,12976362,"$1,620,238","$-4,933,767","$-11,356,124","$-17,910,129"
351,Bismack Biyombo,0.8,-3.6,-0.2,-2.5,-2.0,647851,"$3,240,475","$-3,289,178","$2,592,624","$-3,937,029"
439,Garrett Temple,0.2,-3.6,-0.1,-2.4,-2.4,2087519,"$810,119","$-1,644,589","$-1,277,400","$-3,732,108"
287,KJ Martin,1.3,-3.6,-0.4,-2.5,-2.7,7975000,"$5,265,772","$-6,578,356","$-2,709,228","$-14,553,356"
460,Leonard Miller,0.1,-3.7,0.0,-1.0,-0.7,1891857,"$405,059",$0,"$-1,486,798","$-1,891,857"
396,Patrick Williams,0.4,-3.7,-0.7,-1.9,-2.1,18000000,"$1,620,238","$-11,512,122","$-16,379,762","$-29,512,122"
472,Dariq Whitehead,0.1,-3.7,-0.1,-1.0,-2.2,3114240,"$405,059","$-1,644,589","$-2,709,181","$-4,758,829"
319,Terry Rozier,1.0,-3.7,-0.7,-2.2,-2.4,24924126,"$4,050,594","$-11,512,122","$-20,873,532","$-36,436,248"
317,Corey Kispert,1.1,-3.7,-0.7,-1.3,-3.0,5705887,"$4,455,653","$-11,512,122","$-1,250,234","$-17,218,009"
425,Bilal Coulibaly,0.3,-3.7,-0.8,-3.1,-3.1,6945240,"$1,215,178","$-13,156,711","$-5,730,062","$-20,101,951"
337,Justin Edwards,0.9,-3.7,-0.5,-2.6,-3.5,425619,"$3,645,535","$-8,222,944","$3,219,916","$-8,648,564"
315,Dalen Terry,1.1,-3.8,-0.5,-1.0,-1.1,3510480,"$4,455,653","$-8,222,944","$945,173","$-11,733,424"
417,Maxi Kleber,0.3,-3.8,-0.3,-1.8,-1.9,11000000,"$1,215,178","$-4,933,767","$-9,784,822","$-15,933,767"
368,Bruce Brown,0.7,-3.8,-0.4,-3.1,-2.9,23000000,"$2,835,416","$-6,578,356","$-20,164,584","$-29,578,356"
403,Jordan Walsh,0.4,-3.9,-0.2,-0.6,-1.6,1891857,"$1,620,238","$-3,289,178","$-271,619","$-5,181,035"
238,Jalen Wilson,1.9,-3.9,-1.0,-1.9,-2.6,1891857,"$7,696,129","$-16,445,889","$5,804,272","$-18,337,746"
293,Gabe Vincent,1.3,-4.0,-0.8,-1.9,-1.5,11000000,"$5,265,772","$-13,156,711","$-5,734,228","$-24,156,711"
449,Reggie Jackson,0.1,-4.0,-0.2,,-1.9,4033748,"$405,059","$-3,289,178","$-3,628,689","$-7,322,926"
348,Dillon Jones,0.8,-4.0,-0.3,-2.4,-2.1,2622360,"$3,240,475","$-4,933,767","$618,115","$-7,556,127"
471,E.J. Liddell,0.1,-4.1,0.0,-0.9,-1.2,706898,"$405,059",$0,"$-301,839","$-706,898"
461,Kyshawn George,0.1,-4.1,-0.9,-1.6,-1.4,2825520,"$405,059","$-14,801,300","$-2,420,461","$-17,626,820"
320,Ryan Dunn,1.0,-4.1,-0.7,-2.4,-1.6,2530800,"$4,050,594","$-11,512,122","$1,519,794","$-14,042,922"
382,Noah Clowney,0.5,-4.1,-0.5,-1.3,-2.1,3244080,"$2,025,297","$-8,222,944","$-1,218,783","$-11,467,024"
347,Jamal Shead,0.8,-4.1,-0.8,-3.2,-3.0,1862265,"$3,240,475","$-13,156,711","$1,378,210","$-15,018,976"
435,Lamar Stevens,0.2,-4.2,-0.1,-0.7,-0.8,623856,"$810,119","$-1,644,589","$186,263","$-2,268,445"
446,Blake Wesley,0.2,-4.2,-0.4,-0.7,-1.6,2624280,"$810,119","$-6,578,356","$-1,814,161","$-9,202,636"
448,Rob Dillingham,0.1,-4.2,-0.3,-3.3,-3.5,6262920,"$405,059","$-4,933,767","$-5,857,861","$-11,196,687"
434,Marcus Bagley,0.2,-4.3,-0.1,,-1.5,126356,"$810,119","$-1,644,589","$683,763","$-1,770,945"
373,Ricky Council IV,0.6,-4.3,-0.7,-1.5,-1.8,1891857,"$2,430,356","$-11,512,122","$538,499","$-13,403,979"
272,Josh Green,1.5,-4.3,-1.1,-0.9,-2.1,12654321,"$6,075,891","$-18,090,478","$-6,578,430","$-30,744,799"
464,Jae Crowder,0.1,-4.3,-0.1,-2.2,-2.2,1655619,"$405,059","$-1,644,589","$-1,250,560","$-3,300,208"
458,MarJon Beauchamp,0.1,-4.3,-0.1,-2.3,-2.6,2733720,"$405,059","$-1,644,589","$-2,328,661","$-4,378,309"
432,Maxwell Lewis,0.2,-4.4,-0.2,-2.0,-2.9,1891857,"$810,119","$-3,289,178","$-1,081,738","$-5,181,035"
389,Anthony Gill,0.5,-4.5,-0.3,-1.8,-2.1,2237691,"$2,025,297","$-4,933,767","$-212,394","$-7,171,458"
288,Julian Strawther,1.3,-4.5,-0.9,-2.8,-3.2,2552520,"$5,265,772","$-14,801,300","$2,713,252","$-17,353,820"
444,Bub Carrington,0.2,-4.6,-1.6,,-1.8,4454880,"$810,119","$-26,313,422","$-3,644,761","$-30,768,302"
393,Tristan Thompson,0.4,-4.6,-0.2,-3.5,-2.6,2087519,"$1,620,238","$-3,289,178","$-467,281","$-5,376,697"
483,Markelle Fultz,-0.1,-4.7,-0.1,-2.1,-2.2,731831,"$-405,059","$-1,644,589","$-1,136,890","$-2,376,420"
378,DaQuan Jeffries,0.6,-4.7,-0.7,-2.2,-3.0,2425404,"$2,430,356","$-11,512,122","$4,952","$-13,937,526"
509,Jaden Hardy,-0.3,-4.7,-0.6,-1.7,-3.2,2019699,"$-1,215,178","$-9,867,533","$-3,234,877","$-11,887,232"
451,Rayan Rupert,0.1,-4.7,-0.3,-2.5,-3.3,1891857,"$405,059","$-4,933,767","$-1,486,798","$-6,825,624"
407,Hunter Tyson,0.4,-4.8,-0.3,-2.7,-3.0,1891857,"$1,620,238","$-4,933,767","$-271,619","$-6,825,624"
519,Kyle Kuzma,-0.9,-4.9,-1.4,-3.0,-3.0,24456061,"$-3,645,535","$-23,024,245","$-28,101,596","$-47,480,306"
366,Colin Castleton,0.7,-5.0,-0.3,-3.1,-2.8,421081,"$2,835,416","$-4,933,767","$2,414,335","$-5,354,848"
495,Damion Lee,-0.1,-5.1,-0.1,-1.3,-1.6,2087519,"$-405,059","$-1,644,589","$-2,492,578","$-3,732,108"
481,Sidy Cissoko,-0.1,-5.1,-0.1,-1.7,-1.8,1891857,"$-405,059","$-1,644,589","$-2,296,916","$-3,536,446"
395,Taj Gibson,0.4,-5.3,-0.3,-3.3,-2.7,2087519,"$1,620,238","$-4,933,767","$-467,281","$-7,021,286"
467,GG Jackson II,0.1,-5.3,-0.4,-2.9,-2.7,1891857,"$405,059","$-6,578,356","$-1,486,798","$-8,470,213"
463,Jett Howard,0.1,-5.3,-0.6,-3.0,-3.3,5278320,"$405,059","$-9,867,533","$-4,873,261","$-15,145,853"
518,Isaiah Collier,-0.8,-5.3,-1.6,-2.2,-3.4,2512680,"$-3,240,475","$-26,313,422","$-5,753,155","$-28,826,102"
419,Kylor Kelley,0.3,-5.4,-0.1,,-0.8,73153,"$1,215,178","$-1,644,589","$1,142,025","$-1,717,742"
515,Jordan Hawkins,-0.5,-5.4,-1.2,-3.0,-4.0,4525680,"$-2,025,297","$-19,735,067","$-6,550,977","$-24,260,747"
457,Nae'Qwan Tomlin,0.1,-5.5,-0.1,-2.6,-3.1,66503,"$405,059","$-1,644,589","$338,556","$-1,711,092"
474,Ariel Hukporti,0.1,-5.6,-0.2,-2.6,-3.1,1064049,"$405,059","$-3,289,178","$-658,990","$-4,353,227"
505,Jaylen Nowell,-0.2,-5.7,-0.2,,-1.0,446743,"$-810,119","$-3,289,178","$-1,256,862","$-3,735,921"
514,Nick Smith Jr.,-0.5,-5.7,-1.3,-4.1,-3.9,2587200,"$-2,025,297","$-21,379,656","$-4,612,497","$-23,966,856"
473,Chris Livingston,0.1,-6.1,-0.1,-1.7,-2.1,1891857,"$405,059","$-1,644,589","$-1,486,798","$-3,536,446"
506,JD Davison,-0.2,-6.2,-0.1,-0.8,-1.3,11997,"$-810,119","$-1,644,589","$-822,116","$-1,656,586"
456,Oshae Brissett,0.1,-6.3,-0.1,-1.4,-1.5,119972,"$405,059","$-1,644,589","$285,087","$-1,764,561"
517,Elfrid Payton,-0.6,-6.4,-0.6,,-1.9,789048,"$-2,430,356","$-9,867,533","$-3,219,404","$-10,656,581"
487,Josh Richardson,-0.1,-6.7,-0.2,,-1.1,3051153,"$-405,059","$-3,289,178","$-3,456,212","$-6,340,331"
492,Jalen Hood-Schifino,-0.1,-6.9,-0.4,-2.0,-3.5,3879840,"$-405,059","$-6,578,356","$-4,284,899","$-10,458,196"
489,Joe Ingles,-0.1,-7.0,-0.1,-2.1,-2.2,2087519,"$-405,059","$-1,644,589","$-2,492,578","$-3,732,108"
520,Vasilije Micic,-1.0,-7.0,-1.0,-3.2,-3.4,7723000,"$-4,050,594","$-16,445,889","$-11,773,594","$-24,168,889"
475,Vlatko Cancar,-0.1,-7.1,-0.2,-2.2,-2.6,2087519,"$-405,059","$-3,289,178","$-2,492,578","$-5,376,697"
455,P.J. Tucker,0.1,-7.2,-0.1,,-0.8,12025777,"$405,059","$-1,644,589","$-11,620,718","$-13,670,366"
507,Bronny James,-0.2,-7.2,-0.2,-2.1,-2.9,1157153,"$-810,119","$-3,289,178","$-1,967,272","$-4,446,331"
521,Cody Williams,-1.2,-7.3,-1.4,-3.6,-4.4,5469120,"$-4,860,713","$-23,024,245","$-10,329,833","$-28,493,365"
482,Matt Ryan,-0.1,-7.5,-0.1,,-0.8,621439,"$-405,059","$-1,644,589","$-1,026,498","$-2,266,028"
504,Markieff Morris,-0.2,-7.6,-0.2,-4.0,-4.1,2087519,"$-810,119","$-3,289,178","$-2,897,638","$-5,376,697"
508,Xavier Tillman Sr.,-0.3,-8.1,-0.4,-0.4,-0.7,2237691,"$-1,215,178","$-6,578,356","$-3,452,869","$-8,816,047"
513,AJ Johnson,-0.4,-8.1,-1.0,-2.3,-3.6,2795294,"$-1,620,238","$-16,445,889","$-4,415,532","$-19,241,183"
491,James Johnson,-0.1,-9.7,-0.1,-3.5,-1.7,2087519,"$-405,059","$-1,644,589","$-2,492,578","$-3,732,108"
499,Braxton Key,-0.1,-13.6,0.0,-2.2,-1.2,11997,"$-405,059",$0,"$-417,056","$-11,997"
